{
    "endpoints": {
        "root": "http://localhost:4300/api/v2",
        "login": "/auth/login",
        "torrentList": "/sync/maindata",
        "uploadTorrents": "/torrents/add",
        "deleteTorrent": "/torrents/delete",
        "pauseTorrents": "/torrents/pause",
        "playTorrents": "/torrents/resume",
        "forceStart": "/torrents/setForceStart",
        "increasePrio": "/torrents/increasePrio",
        "decreasePrio": "/torrents/decreasePrio",
        "maxPrio": "/torrents/topPrio",
        "minPrio": "/torrents/bottomPrio",
        "userPreferences": "/app/preferences",
        "applicationVersion": "/app/version",
        "apiVersion": "/app/webapiVersion"
    },
    "devCookie": "8c212779b4abde7A"
}
